{"state":{"isStdErrTTY":false,"testRunDurationMs":60009.611313,"isStdOutTTY":false},"metrics":{"data_received":{"type":"counter","contains":"data","values":{"count":114791,"rate":1912.8769123544148}},"http_req_blocked":{"type":"trend","contains":"time","values":{"med":0.162898,"max":0.348726,"p(90)":0.198213,"p(95)":0.211277,"avg":0.16644478036605648,"min":0.127489}},"http_req_receiving":{"type":"trend","contains":"time","values":{"avg":0.05866379866888523,"min":0.036276,"med":0.057989,"max":0.246201,"p(90)":0.070212,"p(95)":0.072205}},"checks":{"type":"rate","contains":"default","values":{"passes":2404,"fails":0,"rate":1}},"http_reqs":{"type":"counter","contains":"default","values":{"count":601,"rate":10.01506236834772}},"iterations":{"contains":"default","values":{"count":601,"rate":10.01506236834772},"type":"counter"},"data_sent":{"contains":"data","values":{"rate":2763.5573097617075,"count":165840},"type":"counter"},"http_req_tls_handshaking":{"type":"trend","contains":"time","values":{"p(95)":0,"avg":0,"min":0,"med":0,"max":0,"p(90)":0}},"http_req_connecting":{"type":"trend","contains":"time","values":{"avg":0.12105568053244604,"min":0.093475,"med":0.116824,"max":0.189935,"p(90)":0.143708,"p(95)":0.156371}},"http_req_waiting":{"type":"trend","contains":"time","values":{"max":769.690168,"p(90)":2.988219,"p(95)":5.944178,"avg":9.617679552412651,"min":2.11548,"med":2.371925}},"http_req_duration{expected_response:true}":{"type":"trend","contains":"time","values":{"avg":9.713939119800335,"min":2.196128,"med":2.470904,"max":769.780637,"p(90)":3.095583,"p(95)":6.018321}},"vus_max":{"type":"gauge","contains":"default","values":{"value":200,"min":200,"max":200}},"http_req_sending":{"values":{"med":0.036348,"max":0.257221,"p(90)":0.050824,"p(95)":0.055824,"avg":0.037595768718802,"min":0.016501},"type":"trend","contains":"time"},"http_req_failed":{"type":"rate","contains":"default","values":{"fails":601,"rate":0,"passes":0},"thresholds":{"rate<0.01":{"ok":true}}},"iteration_duration":{"type":"trend","contains":"time","values":{"avg":10.728099851913482,"min":3.116402,"med":3.483459,"max":770.69918,"p(90)":4.130863,"p(95)":7.027111}},"group_duration":{"type":"trend","contains":"time","values":{"avg":10.684155261231274,"min":3.076357,"med":3.4387935,"max":770.662231,"p(90)":4.078746200000002,"p(95)":7.0009849}},"http_req_duration":{"type":"trend","contains":"time","values":{"avg":9.713939119800335,"min":2.196128,"med":2.470904,"max":769.780637,"p(90)":3.095583,"p(95)":6.018321},"thresholds":{"p(95)<122":{"ok":true}}},"vus":{"type":"gauge","contains":"default","values":{"value":0,"min":0,"max":6}}},"setup_data":{"resultFiles":{"dirName":"test-results/user-registration/2025-01-05T06-14-04Z","errorFilePath":"http-error.csv","filePath":"req-res.json","requestFilePath":"http-requests.csv","successFilePath":"local-registration-success.csv","compareFilePath":"http-responses.csv","defaultDirName":"test-results/user-registration"},"testStartTime":"2025-01-05T06:14:04Z"},"root_group":{"checks":[],"name":"","path":"","id":"d41d8cd98f00b204e9800998ecf8427e","groups":[{"name":"[Create Account Service]","path":"::[Create Account Service]","id":"3f5fa87bbc70375cfa0a71489e70e412","groups":[{"name":"should be able to register new user successfully","path":"::[Create Account Service]::should be able to register new user successfully","id":"02892bd32d8db30f123371f490d4045a","groups":[],"checks":[{"passes":601,"fails":0,"name":"is status 200","path":"::[Create Account Service]::should be able to register new user successfully::is status 200","id":"17a24913141f08419383cac1ed9d3979"},{"name":"response body","path":"::[Create Account Service]::should be able to register new user successfully::response body","id":"7c02ab83586842e1715fb3cb91b7e9bd","passes":601,"fails":0},{"passes":601,"fails":0,"name":"expected status to equal 200","path":"::[Create Account Service]::should be able to register new user successfully::expected status to equal 200","id":"2a601f7ee1a311c3ab31be9b9d555b7e"},{"fails":0,"name":"expected user registration api response to equal 'User Registered'","path":"::[Create Account Service]::should be able to register new user successfully::expected user registration api response to equal 'User Registered'","id":"9036370fb65387a747cbd196ec2bc5cd","passes":601}]}],"checks":[]}]},"options":{"summaryTrendStats":["avg","min","med","max","p(90)","p(95)"],"summaryTimeUnit":"","noColor":false}}