{"state":{"isStdOutTTY":false,"isStdErrTTY":false,"testRunDurationMs":60011.729457},"metrics":{"data_received":{"type":"counter","contains":"data","values":{"count":114600,"rate":1909.6266852651522}},"http_reqs":{"type":"counter","contains":"default","values":{"rate":9.99804547259242,"count":600}},"vus":{"values":{"max":0,"value":0,"min":0},"type":"gauge","contains":"default"},"iteration_duration":{"values":{"p(90)":4.9502547,"p(95)":5.517142049999995,"avg":10.244505133333327,"min":3.445853,"med":4.186548999999999,"max":711.59789},"type":"trend","contains":"time"},"http_req_waiting":{"type":"trend","contains":"time","values":{"avg":8.981802566666671,"min":2.278261,"med":2.9332785,"max":710.136372,"p(90)":3.6223795,"p(95)":4.226643449999999}},"http_req_connecting":{"type":"trend","contains":"time","values":{"min":0.095458,"med":0.1294205,"max":0.507278,"p(90)":0.18266330000000003,"p(95)":0.19791999999999996,"avg":0.13959212666666662}},"http_req_blocked":{"contains":"time","values":{"avg":0.19264545,"min":0.137036,"med":0.18299300000000002,"max":0.736267,"p(90)":0.24346820000000002,"p(95)":0.26862959999999997},"type":"trend"},"checks":{"type":"rate","contains":"default","values":{"rate":1,"passes":2400,"fails":0}},"http_req_tls_handshaking":{"type":"trend","contains":"time","values":{"p(90)":0,"p(95)":0,"avg":0,"min":0,"med":0,"max":0}},"vus_max":{"type":"gauge","contains":"default","values":{"max":200,"value":200,"min":200}},"http_req_duration{expected_response:true}":{"type":"trend","contains":"time","values":{"min":2.413085,"med":3.0403345,"max":710.24258,"p(90)":3.7392929,"p(95)":4.329501499999999,"avg":9.094317509999994}},"http_req_receiving":{"values":{"avg":0.07086438500000003,"min":0.038477,"med":0.071208,"max":0.496148,"p(90)":0.0929998,"p(95)":0.09887839999999998},"type":"trend","contains":"time"},"data_sent":{"values":{"count":169289,"rate":2820.9318666828303},"type":"counter","contains":"data"},"http_req_sending":{"type":"trend","contains":"time","values":{"avg":0.04165055833333335,"min":0.017192,"med":0.0379995,"max":0.337872,"p(90)":0.0544722,"p(95)":0.059957199999999995}},"group_duration":{"type":"trend","contains":"time","values":{"p(90)":4.8906101,"p(95)":5.471151999999998,"avg":10.192788816666663,"min":3.388026,"med":4.136127500000001,"max":711.555852}},"http_req_duration":{"thresholds":{"p(95)<122":{"ok":true}},"type":"trend","contains":"time","values":{"med":3.0403345,"max":710.24258,"p(90)":3.7392929,"p(95)":4.329501499999999,"avg":9.094317509999994,"min":2.413085}},"iterations":{"type":"counter","contains":"default","values":{"count":600,"rate":9.99804547259242}},"http_req_failed":{"type":"rate","contains":"default","values":{"rate":0,"passes":0,"fails":600},"thresholds":{"rate<0.01":{"ok":true}}}},"setup_data":{"resultFiles":{"compareFilePath":"http-responses.csv","defaultDirName":"test-results/user-registration","dirName":"test-results/user-registration/2024-12-29T06-31-07Z","errorFilePath":"http-error.csv","filePath":"req-res.json","requestFilePath":"http-requests.csv","successFilePath":"local-registration-success.csv"},"testStartTime":"2024-12-29T06:31:07Z"},"root_group":{"groups":[{"name":"[Create Account Service]","path":"::[Create Account Service]","id":"3f5fa87bbc70375cfa0a71489e70e412","groups":[{"checks":[{"name":"is status 200","path":"::[Create Account Service]::should be able to register new user successfully::is status 200","id":"17a24913141f08419383cac1ed9d3979","passes":600,"fails":0},{"name":"response body","path":"::[Create Account Service]::should be able to register new user successfully::response body","id":"7c02ab83586842e1715fb3cb91b7e9bd","passes":600,"fails":0},{"fails":0,"name":"expected status to equal 200","path":"::[Create Account Service]::should be able to register new user successfully::expected status to equal 200","id":"2a601f7ee1a311c3ab31be9b9d555b7e","passes":600},{"name":"expected user registration api response to equal 'User Registered'","path":"::[Create Account Service]::should be able to register new user successfully::expected user registration api response to equal 'User Registered'","id":"9036370fb65387a747cbd196ec2bc5cd","passes":600,"fails":0}],"name":"should be able to register new user successfully","path":"::[Create Account Service]::should be able to register new user successfully","id":"02892bd32d8db30f123371f490d4045a","groups":[]}],"checks":[]}],"checks":[],"name":"","path":"","id":"d41d8cd98f00b204e9800998ecf8427e"},"options":{"summaryTrendStats":["avg","min","med","max","p(90)","p(95)"],"summaryTimeUnit":"","noColor":false}}