{"metrics":{"data_sent":{"contains":"data","values":{"count":169345,"rate":2822.0866705242224},"type":"counter"},"data_received":{"values":{"rate":1909.7766833510047,"count":114600},"type":"counter","contains":"data"},"iteration_duration":{"type":"trend","contains":"time","values":{"p(95)":4.3832450999999955,"avg":10.35756795833333,"min":3.102641,"med":3.4611975,"max":837.602582,"p(90)":3.8910928}},"vus":{"values":{"value":0,"min":0,"max":6},"type":"gauge","contains":"default"},"http_req_duration":{"type":"trend","contains":"time","values":{"p(90)":2.8061550000000004,"p(95)":3.2284968499999978,"avg":9.343539205,"min":2.147966,"med":2.4667855000000003,"max":836.417565},"thresholds":{"p(95)<122":{"ok":true}}},"group_duration":{"type":"trend","contains":"time","values":{"min":3.044214,"med":3.419432,"max":837.568179,"p(90)":3.846815900000001,"p(95)":4.311311549999994,"avg":10.314168961666681}},"http_req_connecting":{"contains":"time","values":{"med":0.121199,"max":0.488578,"p(90)":0.1517772,"p(95)":0.1634884,"avg":0.12581907833333328,"min":0.088014},"type":"trend"},"checks":{"type":"rate","contains":"default","values":{"fails":0,"rate":1,"passes":2400}},"http_reqs":{"type":"counter","contains":"default","values":{"count":600,"rate":9.998830802884841}},"http_req_tls_handshaking":{"values":{"avg":0,"min":0,"med":0,"max":0,"p(90)":0,"p(95)":0},"type":"trend","contains":"time"},"vus_max":{"type":"gauge","contains":"default","values":{"value":200,"min":200,"max":200}},"iterations":{"type":"counter","contains":"default","values":{"count":600,"rate":9.998830802884841}},"http_req_sending":{"values":{"med":0.036697999999999995,"max":0.244809,"p(90)":0.052176,"p(95)":0.0589296,"avg":0.038439835,"min":0.017793},"type":"trend","contains":"time"},"http_req_failed":{"type":"rate","contains":"default","values":{"rate":0,"passes":0,"fails":600},"thresholds":{"rate<0.01":{"ok":true}}},"http_req_blocked":{"type":"trend","contains":"time","values":{"avg":0.173699465,"min":0.123739,"med":0.167931,"max":0.546055,"p(90)":0.21006660000000002,"p(95)":0.22407804999999997}},"http_req_waiting":{"type":"trend","contains":"time","values":{"p(90)":2.7048077,"p(95)":3.1358058499999983,"avg":9.240612873333346,"min":2.037191,"med":2.3734070000000003,"max":836.341458}},"http_req_receiving":{"type":"trend","contains":"time","values":{"med":0.06669900000000001,"max":0.157259,"p(90)":0.0821651,"p(95)":0.08842355,"avg":0.06448649666666668,"min":0.036746}},"http_req_duration{expected_response:true}":{"type":"trend","contains":"time","values":{"avg":9.343539205,"min":2.147966,"med":2.4667855000000003,"max":836.417565,"p(90)":2.8061550000000004,"p(95)":3.2284968499999978}}},"setup_data":{"resultFiles":{"successFilePath":"local-create-success.csv","compareFilePath":"http-responses.csv","defaultDirName":"test-results/user-registration","dirName":"test-results/user-registration/2024-12-29T03-47-24Z","errorFilePath":"http-error.csv","filePath":"req-res.json","requestFilePath":"http-requests.csv"},"testStartTime":"2024-12-29T03:47:24Z"},"root_group":{"id":"d41d8cd98f00b204e9800998ecf8427e","groups":[{"name":"[Create Account Service]","path":"::[Create Account Service]","id":"3f5fa87bbc70375cfa0a71489e70e412","groups":[{"checks":[{"fails":0,"name":"is status 200","path":"::[Create Account Service]::should be able to register new user successfully::is status 200","id":"17a24913141f08419383cac1ed9d3979","passes":600},{"path":"::[Create Account Service]::should be able to register new user successfully::response body","id":"7c02ab83586842e1715fb3cb91b7e9bd","passes":600,"fails":0,"name":"response body"},{"path":"::[Create Account Service]::should be able to register new user successfully::expected status to equal 200","id":"2a601f7ee1a311c3ab31be9b9d555b7e","passes":600,"fails":0,"name":"expected status to equal 200"},{"path":"::[Create Account Service]::should be able to register new user successfully::expected user registration api response to equal 'User Registered'","id":"9036370fb65387a747cbd196ec2bc5cd","passes":600,"fails":0,"name":"expected user registration api response to equal 'User Registered'"}],"name":"should be able to register new user successfully","path":"::[Create Account Service]::should be able to register new user successfully","id":"02892bd32d8db30f123371f490d4045a","groups":[]}],"checks":[]}],"checks":[],"name":"","path":""},"options":{"summaryTrendStats":["avg","min","med","max","p(90)","p(95)"],"summaryTimeUnit":"","noColor":false},"state":{"isStdOutTTY":false,"isStdErrTTY":false,"testRunDurationMs":60007.016003}}