{"state":{"isStdOutTTY":false,"isStdErrTTY":false,"testRunDurationMs":60006.420904},"metrics":{"checks":{"type":"rate","contains":"default","values":{"rate":1,"passes":2400,"fails":0}},"vus_max":{"type":"gauge","contains":"default","values":{"value":200,"min":200,"max":200}},"http_req_receiving":{"type":"trend","contains":"time","values":{"avg":0.06915428833333331,"min":0.042598,"med":0.0660695,"max":0.289137,"p(90)":0.08633800000000001,"p(95)":0.09282804999999998}},"http_req_sending":{"type":"trend","contains":"time","values":{"min":0.019917,"med":0.0456505,"max":0.331264,"p(90)":0.0656159,"p(95)":0.0697053,"avg":0.048441979999999996}},"group_duration":{"contains":"time","values":{"p(95)":4.28216945,"avg":3.598538766666669,"min":2.585405,"med":3.447673,"max":19.974231,"p(90)":3.9522281},"type":"trend"},"http_req_duration":{"type":"trend","contains":"time","values":{"max":18.893755,"p(90)":2.6544312000000003,"p(95)":2.9545649999999988,"avg":2.4348495283333347,"min":1.768107,"med":2.29134},"thresholds":{"p(95)<122":{"ok":true}}},"iterations":{"type":"counter","contains":"default","values":{"count":600,"rate":9.998929963843324}},"http_req_duration{expected_response:true}":{"type":"trend","contains":"time","values":{"avg":2.4348495283333347,"min":1.768107,"med":2.29134,"max":18.893755,"p(90)":2.6544312000000003,"p(95)":2.9545649999999988}},"vus":{"type":"gauge","contains":"default","values":{"value":0,"min":0,"max":0}},"http_req_waiting":{"type":"trend","contains":"time","values":{"max":18.723246,"p(90)":2.5188828,"p(95)":2.84585245,"avg":2.3172532599999984,"min":1.656684,"med":2.172902}},"http_req_connecting":{"type":"trend","contains":"time","values":{"med":0.1374005,"max":0.249638,"p(90)":0.186073,"p(95)":0.19746009999999997,"avg":0.14144568833333332,"min":0.086121}},"iteration_duration":{"type":"trend","contains":"time","values":{"p(95)":4.356090849999998,"avg":3.662173503333335,"min":2.630971,"med":3.5091,"max":20.015759,"p(90)":4.0286355}},"http_req_failed":{"contains":"default","values":{"rate":0,"passes":0,"fails":600},"thresholds":{"rate<0.01":{"ok":true}},"type":"rate"},"http_req_tls_handshaking":{"type":"trend","contains":"time","values":{"avg":0,"min":0,"med":0,"max":0,"p(90)":0,"p(95)":0}},"data_sent":{"values":{"count":159835,"rate":2663.631617951496},"type":"counter","contains":"data"},"data_received":{"type":"counter","contains":"data","values":{"rate":1909.7956230940747,"count":114600}},"http_req_blocked":{"type":"trend","contains":"time","values":{"med":0.198885,"max":0.435152,"p(90)":0.25852870000000006,"p(95)":0.27360789999999996,"avg":0.2035315750000001,"min":0.118161}},"http_reqs":{"type":"counter","contains":"default","values":{"rate":9.998929963843324,"count":600}}},"setup_data":{"testStartTime":"2025-09-26T15:00:24Z","resultFiles":{"filePath":"req-res.json","requestFilePath":"http-requests.csv","successFilePath":"local-registration-success.csv","compareFilePath":"http-responses.csv","defaultDirName":"test-results/user-registration","dirName":"test-results/user-registration/2025-09-26T15-00-24Z","errorFilePath":"http-error.csv"}},"root_group":{"name":"","path":"","id":"d41d8cd98f00b204e9800998ecf8427e","groups":[{"name":"[Create Account Service]","path":"::[Create Account Service]","id":"3f5fa87bbc70375cfa0a71489e70e412","groups":[{"checks":[{"passes":600,"fails":0,"name":"is status 200","path":"::[Create Account Service]::should be able to register new user successfully::is status 200","id":"17a24913141f08419383cac1ed9d3979"},{"name":"response body","path":"::[Create Account Service]::should be able to register new user successfully::response body","id":"7c02ab83586842e1715fb3cb91b7e9bd","passes":600,"fails":0},{"passes":600,"fails":0,"name":"expected status to equal 200","path":"::[Create Account Service]::should be able to register new user successfully::expected status to equal 200","id":"2a601f7ee1a311c3ab31be9b9d555b7e"},{"name":"expected user registration api response to equal 'User Registered'","path":"::[Create Account Service]::should be able to register new user successfully::expected user registration api response to equal 'User Registered'","id":"9036370fb65387a747cbd196ec2bc5cd","passes":600,"fails":0}],"name":"should be able to register new user successfully","path":"::[Create Account Service]::should be able to register new user successfully","id":"02892bd32d8db30f123371f490d4045a","groups":[]}],"checks":[]}],"checks":[]},"options":{"summaryTimeUnit":"","noColor":false,"summaryTrendStats":["avg","min","med","max","p(90)","p(95)"]}}