{"state":{"testRunDurationMs":60015.113768,"isStdOutTTY":false,"isStdErrTTY":false},"metrics":{"group_duration":{"type":"trend","contains":"time","values":{"min":3.176769,"med":4.102206000000001,"max":844.986445,"p(90)":5.413747100000001,"p(95)":6.938520000000001,"avg":12.983660146422638}},"http_req_tls_handshaking":{"type":"trend","contains":"time","values":{"p(90)":0,"p(95)":0,"avg":0,"min":0,"med":0,"max":0}},"http_req_waiting":{"type":"trend","contains":"time","values":{"med":2.960266,"max":843.633954,"p(90)":4.266555,"p(95)":5.819872,"avg":11.856551276206318,"min":2.161975}},"data_sent":{"contains":"data","values":{"count":165892,"rate":2764.170382835356},"type":"counter"},"iteration_duration":{"type":"trend","contains":"time","values":{"min":3.214079,"med":4.153162,"max":845.052138,"p(90)":5.461116,"p(95)":6.967515,"avg":13.032550041597332}},"vus_max":{"type":"gauge","contains":"default","values":{"max":200,"value":200,"min":200}},"http_req_sending":{"type":"trend","contains":"time","values":{"p(95)":0.057387,"avg":0.03927794176372715,"min":0.018064,"med":0.037996,"max":0.26376,"p(90)":0.052819}},"http_req_receiving":{"contains":"time","values":{"p(95)":0.07984,"avg":0.06083770881863565,"min":0.038596,"med":0.059701,"max":0.129004,"p(90)":0.074048},"type":"trend"},"iterations":{"values":{"count":601,"rate":10.014144142478534},"type":"counter","contains":"default"},"data_received":{"type":"counter","contains":"data","values":{"count":114791,"rate":1912.7015312134}},"http_req_duration":{"thresholds":{"p(95)<122":{"ok":true}},"type":"trend","contains":"time","values":{"p(95)":5.920903,"avg":11.956666926788687,"min":2.231077,"med":3.063904,"max":843.719872,"p(90)":4.35638}},"http_req_connecting":{"type":"trend","contains":"time","values":{"p(90)":0.158311,"p(95)":0.169456,"avg":0.12737506322795336,"min":0.094046,"med":0.122054,"max":0.378345}},"vus":{"type":"gauge","contains":"default","values":{"value":0,"min":0,"max":3}},"http_req_blocked":{"type":"trend","contains":"time","values":{"p(95)":0.231473,"avg":0.17664511813643927,"min":0.126407,"med":0.170914,"max":0.437855,"p(90)":0.215535}},"checks":{"type":"rate","contains":"default","values":{"rate":1,"passes":2404,"fails":0}},"http_req_duration{expected_response:true}":{"type":"trend","contains":"time","values":{"max":843.719872,"p(90)":4.35638,"p(95)":5.920903,"avg":11.956666926788687,"min":2.231077,"med":3.063904}},"http_reqs":{"type":"counter","contains":"default","values":{"rate":10.014144142478534,"count":601}},"http_req_failed":{"type":"rate","contains":"default","values":{"rate":0,"passes":0,"fails":601},"thresholds":{"rate<0.01":{"ok":true}}}},"setup_data":{"resultFiles":{"errorFilePath":"http-error.csv","filePath":"req-res.json","requestFilePath":"http-requests.csv","successFilePath":"local-registration-success.csv","compareFilePath":"http-responses.csv","defaultDirName":"test-results/user-registration","dirName":"test-results/user-registration/2025-01-04T10-13-46Z"},"testStartTime":"2025-01-04T10:13:46Z"},"root_group":{"name":"","path":"","id":"d41d8cd98f00b204e9800998ecf8427e","groups":[{"name":"[Create Account Service]","path":"::[Create Account Service]","id":"3f5fa87bbc70375cfa0a71489e70e412","groups":[{"name":"should be able to register new user successfully","path":"::[Create Account Service]::should be able to register new user successfully","id":"02892bd32d8db30f123371f490d4045a","groups":[],"checks":[{"name":"is status 200","path":"::[Create Account Service]::should be able to register new user successfully::is status 200","id":"17a24913141f08419383cac1ed9d3979","passes":601,"fails":0},{"fails":0,"name":"response body","path":"::[Create Account Service]::should be able to register new user successfully::response body","id":"7c02ab83586842e1715fb3cb91b7e9bd","passes":601},{"name":"expected status to equal 200","path":"::[Create Account Service]::should be able to register new user successfully::expected status to equal 200","id":"2a601f7ee1a311c3ab31be9b9d555b7e","passes":601,"fails":0},{"fails":0,"name":"expected user registration api response to equal 'User Registered'","path":"::[Create Account Service]::should be able to register new user successfully::expected user registration api response to equal 'User Registered'","id":"9036370fb65387a747cbd196ec2bc5cd","passes":601}]}],"checks":[]}],"checks":[]},"options":{"summaryTrendStats":["avg","min","med","max","p(90)","p(95)"],"summaryTimeUnit":"","noColor":false}}